idx	start	dur	frames	tier	source	inpt	scale
1	0.000	2.000	60	T3	S-A01	—	push110
2	2.000	1.233	37	T2	K1	0.000	100
3	3.233	1.267	38	T3	S-A04	—	push106
4	4.500	1.267	38	T1	LS-A	0.300	100
5	5.767	1.233	37	T2	K5	0.000	100
6	7.000	1.267	38	T1	LS-A	2.800	103
7	8.267	1.233	37	T2	K2	0.000	100
8	9.500	1.267	38	T2	K1	1.433	104
9	10.767	1.267	38	T1	LS-A	6.567	105
10	12.033	1.233	37	T2	K6	0.000	100
11	13.267	1.267	38	T1	LS-A	9.067	106
12	14.533	1.267	38	T2	K5	1.500	104
13	15.800	1.233	37	T3	S-A12	—	push104
14	17.033	1.267	38	T2	K1	3.000	106
15	18.300	1.267	38	T3	S-A08	—	push112
16	19.567	2.500	75	T2	K4	0.000	100
17	22.067	1.267	38	T2	K3	0.000	100
18	23.333	1.233	37	T2	K4	2.700	104
19	24.567	1.267	38	T1	LS-D	0.367	100
20	25.833	1.267	38	T2	K3	1.500	103
21	27.100	1.233	37	T1	LS-D	2.900	104
22	28.333	1.267	38	T2	K3	3.000	106
23	29.600	1.267	38	T1	LS-B	0.300	100
24	30.867	1.233	37	T2	K2	1.500	104
25	32.100	2.533	76	T2	K1	4.500	108
26	34.633	1.233	37	T1	LS-B	5.333	105
27	35.867	1.267	38	T2	K2	3.000	106
28	37.133	1.267	38	T3	S-A07	—	104 + drift
29	38.400	1.233	37	T2	K5	3.000	106
30	39.633	1.267	38	T1	LS-C	1.633	100
31	40.900	1.267	38	T2	K6	1.500	104
32	42.167	0.833	25	T1	LS-C	4.167	104
